id,x1,x2,y
0,0.05570548971385206,-1.2054025241105468,1
1,0.5360040208465253,-1.0320870893876388,1
2,1.538638141992742,0.3378045795052187,1
3,-0.02978530676906337,1.0439727958918754,0
4,-0.3990708521448341,-0.6599961474778433,1
5,0.9103888678140907,-1.1724141480729293,1
6,-0.3215439022304096,-1.3310035328144616,1
7,0.6132497075755323,-1.2533238769714736,1
8,-1.7400207268318661,-0.35498276941632695,0
9,-1.5438857135097273,-0.5611041971154374,0
10,-0.35038087666775025,0.08006524129130835,1
11,-1.6937765081408716,0.38557486288353904,0
12,1.8217099002603059,-0.5502698252941173,1
13,-0.6274761967630778,0.46221003602600363,1
14,0.15354983385647122,0.6832897364386384,0
15,-1.8126926140826456,0.15640585150001263,0
16,0.34814451951682907,-1.5191731560221207,1
17,1.6487020969246673,-1.602505615461261,1
18,-0.7189670423028975,0.5349280145632014,0
19,0.30199868177985456,0.35708184847453667,0
20,-0.6044202823217345,0.6711853631807118,0
21,0.5027937621598927,1.1842676529208185,0
22,0.08871855097471339,-2.0273095373267322,1
23,-0.45409875407758515,-0.8558210965617505,1
24,1.2098044543076834,-0.7623295324430155,1
25,0.3231382636482723,-1.5610331914939757,1
26,0.32810251241016236,0.6795232516047126,0
27,0.7562884756265453,-1.4177147949969038,1
28,1.0144739506768086,-1.024832660916328,1
29,-0.9120175549002785,-0.41922054924090574,1
30,-0.5450040592464578,-0.09508029876411882,1
31,-0.18552651210265253,-1.225628099542213,1
32,2.239307342302799,0.5401769878001859,1
33,-0.1461075586826132,-1.4938409810354174,1
34,0.9039417251076866,-1.430689093344623,1
35,-0.6016531219526112,1.4553504209906796,0
36,0.34424998121014205,-1.2543776372606892,1
37,-0.0832101783184898,-0.3423258576388443,1
38,0.2563701875281469,-0.7719947263602266,1
39,-0.2863948628237101,-1.2384001363863075,1
40,0.36026158091071275,-1.0802036081577666,1
41,0.7699526839346597,0.3094217162494869,0
42,1.3210617589793228,-0.8625669612374721,1
43,0.3361874974465158,-1.1142653630994115,1
44,-0.45155530424092327,0.960186469966334,0
45,1.3670343369168811,-0.45858223565692807,1
46,-0.4897111526837036,-0.6762705869147718,1
47,-0.32294882566736827,1.6756570401190416,0
48,2.064388286208897,0.31286078719375193,1
49,-0.4680910114115442,-0.9032274339446181,1
50,-1.1476032665134634,1.2454849291253258,0
51,1.263025552514499,-1.5015220583775164,1
52,0.38946254659594465,-1.6263998683782763,1
53,0.125669907887965,-1.0722481381714726,1
54,-2.1542201896393487,0.10390636441442117,0
55,1.2008130044122998,-1.2908351018120938,1
56,-0.48273399380166854,0.8129513211953561,0
57,0.5093333793276582,0.13640305310494594,0
58,-0.6519832857691648,0.6098106081263952,1
59,-0.45269119799405844,1.40246746805538,0
60,0.6400804838928383,-0.19768031980600795,0
61,-0.19989407143391968,1.3270051749044471,0
62,0.497247548463571,0.4220233425885704,0
63,0.2585966224996708,-0.7111769970631221,0
64,-0.3175370236636276,1.3766019082432637,0
65,-0.5511854792929168,1.1839184091049046,0
66,0.5796826629878881,-1.316008565366931,1
67,-1.21091743295701,2.1496265265536443,0
68,1.1526467182938613,-1.1624145943729338,1
69,0.20985153438682363,0.8187693161815485,0
70,-1.1840940423858424,1.5415613222367592,0
71,0.40821341568625963,0.24616384257970997,0
72,1.6763164767227303,-0.19416693361361947,1
73,0.9940150908691932,-1.511254336981632,1
74,-0.36769301992668507,-0.920343055912409,1
75,-1.390559863809069,0.8084841566800565,0
76,0.40351672822904033,1.0830198945192635,0
77,0.12478682295010685,-0.18940436258992333,0
78,-0.3529076552307704,1.2005446796379873,0
79,0.7107243749262395,-0.798159936132623,1
80,-1.1504951493755804,0.9146230197691603,0
81,-0.6815877493558306,0.8955787812633957,0
82,0.8469000927214649,0.6065854225755176,0
83,-0.4992177354170119,1.7354277093826722,0
84,0.5645649348671339,0.07317014445542386,0
85,-1.0714376140420236,0.44809311247913736,0
86,1.389596870109108,-1.2360908990276962,1
87,-0.44476410433080593,-0.7251254815056793,1
88,-0.46144188837536565,-1.2534323530449865,1
89,1.981100641376722,-0.8035025646894396,1
90,0.3497918494714369,-0.8317408280617806,1
91,1.1511437933859792,-1.8861644542584202,1
92,-1.6724635030424406,0.3176615699387839,0
93,1.651594948086182,-0.377883213475935,1
94,1.6657671877803153,-0.9144840622846772,1
95,0.352208144688035,0.21749922086990398,0
96,-0.3485971296201168,0.7340014744864828,0
97,0.3524476720855409,-0.2650541621755277,0
98,1.0875051394132773,-1.0101082978193454,1
99,0.9912187101031471,-1.0974974763508625,1
100,-1.5061527884445447,0.42124965030481215,0
101,-0.48324186544939984,0.3485110905447848,1
102,0.4072856759798642,0.20247344051296376,0
103,-1.3871285941479254,1.1362491231662424,0
104,-0.16821545323513948,-0.5713472293008703,1
105,1.9056974591351206,0.015243960646400172,1
106,0.46169818153576714,0.6542213675794183,0
107,0.607901963332082,-0.4989585935320449,0
108,0.8084942256139122,0.1132743793229882,0
109,-1.4011548076565887,0.07604339202674322,0
110,-0.7858021451578273,0.9278089249595124,0
111,0.5556663216481275,-1.9470856555061056,1
112,-2.0304576489291297,-0.27441281346857943,0
113,0.8655225051399457,-1.8826385935533965,1
114,-0.2296326306349761,-0.6439147096214118,1
115,1.3873947397697737,-0.2750041856630003,1
116,1.6951130016758968,-0.09173268099379671,1
117,2.0368422311674723,0.5943838537009386,1
118,-1.4335985055661324,0.9485364076386527,0
119,-0.3770085189700098,-0.855466901273863,1
120,-1.5255813300548087,0.8060981067919312,0
121,-0.3014390994913332,1.3449924381935574,0
122,-0.18487450353360924,-1.313542363683683,1
123,-0.7730183465513901,-0.05422127218869495,1
124,-0.835646203856611,1.595703288287848,0
125,0.010784844064374048,-0.3102625559438196,1
126,1.2253955595890975,-0.5856247220437241,1
127,0.1405369148421856,1.0663546813686469,0
128,0.6616677540757226,-1.7769160441047291,1
129,-0.1500102879713474,1.0129017268034457,0
130,-0.464756778236533,1.3470081163634824,0
131,-1.8683109832212204,0.019986837269326554,0
132,-0.1873673669780256,-0.7709091794018267,1
133,0.004391568764163984,0.9113259297893552,0
134,-1.561859103458114,-0.7109665500180928,0
135,0.13855821967614726,0.8277822166762808,0
136,1.533746201363143,-0.36731116564482524,1
137,-0.6075473605721443,-0.16037458390599793,1
138,-0.4121539513759792,0.27372096867892914,1
139,0.17214612338902846,1.5865739221428592,0
140,-0.5278445583465259,-1.0707414076840847,1
141,0.3094407272111947,0.17204107500985877,0
142,-1.586459015485273,1.2916639629234123,0
143,0.35151419203831397,-1.3410308958784258,1
144,0.6369686335560556,0.6537867008395786,0
145,0.8838399218334343,-0.7231924908341769,1
146,0.8602096558656818,0.2579575592654794,0
147,-1.351141099826669,0.9872122025872129,0
148,1.9003089260154038,-1.7821347045134175,1
149,1.061206110787928,-1.3594758978939898,1
150,-0.06411514266330708,-0.8508052918197824,1
151,0.17315869126478828,1.7414656928485939,0
152,0.31449862006697327,0.13316908702151423,0
153,0.1757491802789568,0.8397414545802544,0
154,0.32703965837627397,0.7333834815013393,0
155,1.0005209192010962,-1.1360686713621253,1
156,-1.6460267667675095,-0.019763431948721294,0
157,1.3153493191656815,-0.9049696994218911,1
158,-1.586760673382402,0.5491638835131372,0
159,0.17222489398462093,0.3878086845869888,0
160,1.7804207441454591,-0.24971812527108567,1
161,0.5769425065588292,-1.2595438165905692,1
162,-0.711773907722463,1.1309584685942278,0
163,0.33170058054977564,0.4519744656468648,0
164,-0.12107351727001066,1.1912370114244093,0
165,-0.29476540233807635,-0.9155937740725321,1
166,1.2139889767292493,-0.5834635406067035,1
167,0.08491353508618822,0.7188570259065653,0
168,-0.44440142355989903,1.5164613203187425,0
169,-0.6759809045285122,1.3382440583079513,0
170,0.6561411699554787,0.45489471096326134,0
171,-1.2329046108176822,0.7191624432575349,0
172,0.4323163143231712,-0.0054705810515063465,0
173,0.4699205311949468,0.08498773441103472,0
174,-0.3542625520004868,1.740242063766368,0
175,0.8563555750734,-0.34675822368080944,0
176,-0.15350418277229055,1.6778367494719073,0
177,1.9127352853592894,-0.03353783291682292,1
178,0.4002804322902508,-0.09251751892201372,0
179,-0.8450021252931349,0.03235564144285393,1
180,1.0876242166554446,-1.5840872975011133,1
181,-1.1793330820601775,0.2392513090048722,0
182,0.11891977992182623,-1.6906091129890055,1
183,-0.6924110686482766,0.10826682806118168,1
184,-0.2378220732726866,-1.088602769569347,1
185,0.5108149637368015,-1.4164741056804175,1
186,-0.7778298721236501,1.5898584930938429,0
187,-1.7488299200716704,-0.05923431093184093,0
188,-1.50606167067899,-0.6681487524030459,0
189,-0.7322671547799066,0.04199718190784567,1
190,-0.9029915844043604,1.143169764321973,0
191,0.016877673415842818,-2.018222998203443,1
192,-1.3594489088166655,1.106033390373127,0
193,-0.8717309540504288,1.142092649016564,0
194,-0.42074492000300284,0.42593997195781785,1
195,0.19085885629655192,0.9905823904842035,0
196,1.062704644996206,-1.2360472685970014,1
197,0.13521839225656798,-0.5999473242580095,1
198,1.773572336917916,0.12024511320629029,1
199,0.7757420764871512,-1.7898340671905646,1
200,0.4730632444344776,1.0284134000027754,0
201,0.5654988874985062,0.4314806176380356,0
202,-0.3527901421128467,1.6804803325163367,0
203,-1.6422161773281585,-0.4127266696293069,0
204,-0.3157718947397035,0.6461063863566308,0
205,1.430077275302836,-0.24847982626665463,1
206,-0.2957277033421062,2.5732273629438507,0
207,-0.5881287683719066,1.0965698967527406,0
208,-1.081348959261426,1.5211038632123406,0
209,0.15138178120461376,0.7712213115432959,0
210,0.7402742608792422,-1.29514641255991,1
211,0.6403930659092426,-0.25654775636107463,0
212,0.7810881395126773,-0.37046356314520174,0
213,0.8298918269678242,-1.1746326941606555,1
214,0.5434038723717107,1.141157758706791,0
215,-1.7548265135802255,-0.5927066115282835,0
216,-0.27718397768353076,1.3033195117188938,0
217,-1.1546069793608307,0.8015224347357128,0
218,0.9384011067573909,-1.7679196128343502,1
219,-1.4738438202845372,-0.08990998986040365,0
220,-0.8360098518317763,1.792556623313462,0
221,0.7445452146296418,-1.4873382472391634,1
222,-1.4801687787585933,-0.2854607023144542,0
223,-0.21731921711899613,-1.013638974449729,1
224,1.3277861687475285,-1.0452509473689784,1
225,1.7454083671888843,-0.7676260817046021,1
226,1.5294534175013623,-0.7502873743855277,1
227,-0.5155009055332462,-0.1310985138478128,1
228,-0.5833974680277797,0.8077245816880582,0
229,-1.4874291152327288,-1.1506394804288724,0
230,0.23390636756891836,1.028807470020983,0
231,1.2360908095730196,-1.3895893304963278,1
232,1.5933105137865897,0.13080950240025718,1
233,0.06435789846454075,0.9771539785021076,0
234,-1.614469829249846,0.6516582801086549,0
235,0.8933148553570679,-1.3363797184578934,1
236,0.6511391914936233,0.06789914288910709,0
237,1.0953743375211824,-0.8717286778246731,1
238,0.19471698603856974,0.7490050623648685,0
239,1.4241677259722345,-1.1171366820326136,1
240,-0.2913298396222936,-1.1705590297367368,1
241,0.2038594219584839,-0.7839743387142036,1
242,-0.2273101767081468,1.0839083858144536,0
243,-1.5636996949285176,0.3045937462198817,0
244,-0.03824415554431095,-0.4701638346951297,1
245,0.010424889905946486,1.3770537899175241,0
246,1.4585816420641586,-0.9195072476736293,1
247,0.5891006654370053,-1.2264617627899654,1
248,-1.5711868274530518,0.12793769830755966,0
249,-1.3195443634986734,0.4620560278011095,0
250,1.4385767099956814,0.008422052137004272,1
251,1.644338012693645,-0.14790861943947944,1
252,-0.5173138747864358,1.067150089762928,0
253,1.671508897824622,-0.4876260892813053,1
254,-0.8491204665325021,1.5595978372468984,0
255,-1.4069114053566396,1.179461693759395,0
256,-0.6120255170799934,0.13541601792357985,1
257,-1.5488779579185572,0.8282192357789543,0
258,-1.1759848086358695,-0.22269496755843998,0
259,-0.3101738716883901,-1.3554467647189599,1
260,-1.4809533450713144,1.8200299225752725,0
261,0.40354843458364603,0.5234197790091494,0
262,-0.4349593668808545,0.9477667380886433,0
263,1.5461735765982523,0.6870286996882007,1
264,0.9474890327308991,-0.9248291380996787,1
265,0.12160432459897556,0.6274206849551228,0
266,0.15587214689275267,-0.7566616805778975,1
267,-0.4525908461138608,-0.43900449937678326,1
268,-1.4967276685328932,0.2600655712563834,0
269,0.3966763522423544,-1.3961845017740997,1
270,1.8178603505990878,0.43112847039889945,1
271,-1.2231952887106448,1.2013150645178328,0
272,0.9897927204831354,-0.1980427206315074,0
273,0.18452276281414084,-1.6514267326850596,1
274,-0.08217589182883259,-1.1355018149352505,1
275,-0.773508975430633,1.2041749652578266,0
276,0.041589885711204894,-0.7173036268556714,1
277,0.12472866598174366,0.8461400763481159,0
278,0.4137997637511867,-1.6260352743208852,1
279,0.13515766669390672,0.7834411789030556,0
280,1.9273204431777458,0.4248704253174724,1
281,-0.530243668409816,1.6554848739717325,0
282,0.34893740782902133,-0.8762203838359189,1
283,-0.7190510788112849,-0.0419118784217143,1
284,-1.4080055056721212,0.3652240621493032,0
285,-0.85214012747638,0.21013891592022058,0
286,-0.31996531187460703,1.7042228505463575,0
287,-0.24429087994176543,0.9517534435537857,0
288,-1.8220017930406998,0.6564972258828605,0
289,1.8330821313416434,-0.5254204529146891,1
290,-0.9970429810524435,1.127259252021044,0
291,-0.016786826170867488,1.472274314565194,0
292,-1.4275219389782543,-0.6850638046355813,0
293,0.050805326808423874,-0.8141144806623292,1
294,0.87934224676103,0.6571521620742272,0
295,-1.9047278161671273,-0.7281415062614786,0
296,-0.20059911733208102,-0.5308199189643383,1
297,-0.8256448284038439,2.1187442319788623,0
298,1.5033972803302202,0.2701646206224836,1
299,-0.37677795511158146,1.5336819580910057,0
300,1.775094849091415,-0.7644925872069329,1
301,-1.6813076775723865,0.6223124021313426,0
302,-0.2132695154850258,1.1863693369928687,0
303,0.42636527047329026,0.1303116725297847,0
304,-0.2819210756031203,1.430340860505842,0
305,1.578325949396098,-0.32809147097994984,1
306,-1.1882670829595543,1.0973213816707832,0
307,-0.07723042189585733,0.5204232345203489,0
308,-0.23550503257883018,-0.9141450800913228,1
309,-0.2747848943791126,-1.073584555184337,1
310,-0.6644025876056061,0.3997881240031603,1
311,0.5121018594962913,-0.31529430201294356,0
312,0.21676147781956612,0.3612129571848189,0
313,0.45454079954484566,-0.6632807794585912,1
314,-0.29447595027052365,0.3869289388095307,1
315,-0.7662483086965682,1.0410691818508222,0
316,-1.2275572841174678,0.7792783130941373,0
317,1.7546252999016558,-0.17440036627978345,1
318,-1.1164466242827296,1.1704887491299099,0
319,-0.3970618708072769,1.1443412566859104,0
320,-1.3455438528279624,0.40261299657585514,0
321,-0.029454536403598037,-1.0852922639547444,1
322,-1.1515542262516538,1.731654362124503,0
323,-0.24439100411123757,-0.3425790774264488,1
324,-0.37781042456732866,-0.09478598126485904,1
325,-0.46167864724076857,-0.3344354628977734,1
326,-1.4957823387125453,0.5758046424993216,0
327,-1.7786848842566658,-0.040528817702390196,0
328,1.391989222224459,-0.2886107147072129,1
329,0.46451371461759594,-2.2200047363394533,1
330,-0.2816466090322845,-0.48070895529745555,1
331,0.4781684800356705,-1.504397995697282,1
332,1.5639253948166711,-0.5608619215809345,1
333,-0.013532869823086081,0.9706744658377208,0
334,0.23501714440164717,0.957918513849416,0
335,-1.328371330707845,0.6185294617828515,0
336,-1.001348144267527,0.86497019153991,0
337,0.7767036213010313,-1.8209759711855809,1
338,-0.42623998241182676,-1.4231293376037297,1
339,1.2385420650243446,-0.7250454931685835,1
340,1.221508546926017,-1.1256282486220464,1
341,0.35804718832250754,-0.05806196922801608,0
342,1.8452356436969406,0.7577365758335417,1
343,-0.8955479085424238,1.4446556324506163,0
344,0.24909753348583513,0.40156790252630353,0
345,-1.917307420389877,0.9073293157697278,0
346,-1.102931650642822,1.2415890839835841,0
347,-0.4356620697933615,-0.7942345265989569,1
348,-0.4877921616601381,1.4390669965955558,0
349,-0.18919227350772108,-0.648148400530979,1
350,-0.25083714598054013,-0.232528053420133,1
351,1.6041646351545922,-0.18908227458604313,1
352,-2.128422661126599,0.38289271293118443,0
353,-0.22624050989752864,1.716637565753574,0
354,1.2473599300782725,-1.0603697053636283,1
355,0.046390420228051114,-1.8065388691100326,1
356,0.4631506675511787,-0.27479017783609555,0
357,0.10953131192946926,-0.7723519353081242,1
358,-1.811396537081087,0.2629281184171803,0
359,-0.30181056019121144,1.2470786888242822,0
360,-1.0975786984317055,1.7530437261385026,0
361,0.29408314766754284,1.4132023774067273,0
362,0.6901559644092682,0.3038623298477536,0
363,-1.9425616623638813,0.5615182695789989,0
364,1.393283059084962,-0.6905791674588102,1
365,-0.648357043381643,1.172496833582452,0
366,1.280163395745522,-1.7925752492353464,1
367,-0.09452728322420419,1.1560907459956975,0
368,-0.9834405928971018,0.7752670553782403,0
369,-0.6122559841303967,1.003613304686895,0
370,0.3028081597883542,-1.838486843236263,1
371,-0.5969550677702802,-0.07299212932796546,1
372,0.04240052024995958,-1.752372117932696,1
373,0.843502680672654,-0.933311369729077,1
374,-0.382893184606641,1.6585930830166273,0
375,1.848378239271894,-0.7196604618551348,1
376,0.5450510737215861,-1.7615305464639393,1
377,0.051461686213729055,1.232600934067357,0
378,0.40487963640337543,0.3072726104748776,0
379,-1.4153443738601819,1.0054979132433217,0
380,-0.09716724822487163,-0.785852493616022,1
381,-0.2881730546515548,-0.7484684686625191,1
382,0.1599892503227088,0.9185850563025303,0
383,1.8320140058124608,0.0813710894048996,1
384,-0.5357187034679357,-0.256615544851915,1
385,0.6997870964091264,-1.7889806874949137,1
386,-1.2621718273838662,1.3848698738531167,0
387,-1.1841995531224108,1.5308922775797427,0
388,-1.6129902805480694,0.7739744903763478,0
389,0.9499223284249056,-1.7516354355884518,1
390,-1.8046479024468394,0.012609125732374372,0
391,0.7046830501657113,-1.1859672450061658,1
392,0.41002751784108665,-1.2334845538618238,1
393,-1.239453572305102,1.8846527832382354,0
394,1.2462072972730571,-0.45369884309209857,1
395,0.04838851847538431,0.5188267276063969,0
396,-0.1303634603288218,-1.0683001002251253,1
397,0.43253186157163287,0.39057057867969863,0
398,0.19271170120226092,-1.6578401081683338,1
399,1.0675347539385078,-1.5199626336753658,1
400,-0.4353168827079539,-0.6470816205946697,1
401,-1.4016830325026743,0.8067468939317091,0
402,0.1566460501699122,-1.294166930713584,1
403,-1.0728144493532588,0.9922181772295365,0
404,0.03952423038063659,-1.2238230304936268,1
405,0.426144138577689,-1.6472238521983251,1
406,-0.5864487038945616,-0.4363231077683665,1
407,-0.6117247030107948,-0.043762966021882246,1
408,1.5136137218842312,0.03387538004517001,1
409,-1.4633973793566208,0.1844018156102997,0
410,-0.35262425328057306,-0.8027874493024455,1
411,1.471840014346705,0.2132119792037477,1
412,0.6007464449878537,1.5815734759605133,0
413,0.7147225424543308,-1.4744388250684184,1
414,-0.7249895382724031,0.5574134383201398,0
415,-0.8908288603326113,1.6924276167825594,0
416,1.5679271820160432,-0.777803480047117,1
417,-1.522320589339337,0.26260391185517196,0
418,1.5018382347706083,-0.4236637729088245,1
419,0.4636570348906857,1.1410920280957528,0
420,-0.11271577321760638,-0.3098434800434497,1
421,1.7574774862182727,0.6992788521744809,1
422,0.03879012070801243,1.4978810986043491,0
423,1.0752720759285983,-0.7647167255829471,1
424,-0.9316829756399874,-0.056833906490093185,1
425,1.8205055020008891,0.4675384723450212,1
426,1.1727327735610615,-1.073617521083535,1
427,-0.9717183262808284,1.0505081091597743,0
428,-1.1079216185540055,0.9061284755620977,0
429,-1.4251964203380818,0.6892006160884632,0
430,-1.8371800685110362,-0.15343606179469366,0
431,-0.1675660774376736,0.02221846344532316,1
432,-1.5838492576171868,0.049944717552296194,0
433,-0.8218267172088712,1.7052567423769425,0
434,0.27450734818486267,1.3266265942042985,0
435,-0.888847417598239,1.1022198347066943,0
436,1.3441703143303776,-1.1896740351480424,1
437,-1.4122250597016597,0.44611121199546383,0
438,-0.6938952062667858,1.3576110673611488,0
439,-0.5836822456101305,-0.627411873515635,1
440,-0.3692132923044039,1.8494117004879105,0
441,-0.048797934798905034,-0.42146486970741637,1
442,0.8592957685054357,-0.7844831153187821,1
443,-0.0765613656898912,1.0777865433311618,0
444,-0.5235537023622086,-0.4113995870802154,1
445,0.6154479946083435,-0.14423070092649462,0
446,-1.238408022053287,0.9816248424444349,0
447,-0.07068020309427712,-0.4514962472975737,1
448,-1.4358155546019427,1.3053723167239346,0
449,-0.2698453491866546,1.7092170168690424,0
450,0.933397578169514,-0.6276155937532102,1
451,-0.9204363401189265,1.740360208164756,0
452,0.6544776845492726,-0.5318960828146342,0
453,-1.1621138882105206,0.7891338940811005,0
454,-0.7255331233579051,-0.18103760160974053,1
455,-0.17456218920136998,-0.8722703964466051,1
456,0.42281903196713355,0.3309631058954278,0
457,-1.7083064298075583,1.3849844609527364,0
458,1.8109750829227829,-0.2886898137569072,1
459,0.5184894895156323,-1.9255127442852416,1
460,0.05094443867215776,0.5011960069511165,0
461,0.4732500447500789,1.6189974482248708,0
462,0.5445732311332492,-0.5018248603554204,0
463,1.0935611807389314,-1.2863888852011383,1
464,-0.49524033551718244,0.3434189597819982,1
465,-1.4487692423155467,0.339871583384144,0
466,0.817682364346051,1.1812719151045266,0
467,-0.909337252927953,0.07051332855720341,1
468,-0.2221755448939926,0.16689290793128883,1
469,0.608611703027927,0.3907152496382201,0
470,-0.4256396806918157,0.003816534372428733,1
471,-0.5222826266629598,-0.15385529258580596,1
472,-0.745088632230948,1.0540606917187634,0
473,-1.5675358752603188,0.2182390554402609,0
474,-0.2313701868405607,-1.6797319396737653,1
475,0.7052147246585174,0.4051461453138294,0
476,0.26408702719174465,-1.5170830698062852,1
477,-1.0068149658360341,1.21455981776638,0
478,-0.27631469712609324,1.747384722982412,0
479,-1.4971735914650677,1.3498403504760144,0
480,1.420078830079686,0.5920368841522436,1
481,1.5491880978293706,-0.14525664805451724,1
482,0.4310430095803376,0.04981451596952493,0
483,1.3807805867651275,-0.14005318060669578,1
484,-0.45480557838468494,-0.8186834620419713,1
485,0.6620353418075838,1.1844196290993472,0
486,-0.20712655895620918,-0.04181516845188265,1
487,0.29558502496653805,-1.792821442262885,1
488,0.1116384473588081,0.3452856220034752,0
489,1.0602604828350055,-1.7424681452469468,1
490,1.7918594158792671,-0.0065805413996672755,1
491,1.5008611824920841,-0.5026094740342223,1
492,-0.9203553472723935,0.07568078913900744,1
493,0.9440706621696199,-1.1361551880895433,1
494,0.6781698961654187,-0.39710117142197277,1
495,-1.3203819356804458,0.8164389783558879,0
496,-0.8050712708430673,-0.14391791815175614,1
497,-0.14190643648571902,-1.0837844377734482,1
498,-1.128279737757375,0.1732900966226561,0
499,0.6095872117655493,0.2448558937121982,0
500,0.4985755895079282,0.575395037412215,0
501,0.33552153711831856,-0.9452468957309955,1
502,0.033759161890749484,2.2568439596698044,0
503,0.5620717190097803,0.12849876118595768,0
504,0.547452639881812,0.42799835666653907,0
505,0.2085036892998196,-1.0962655720594192,1
506,-1.2866115030910064,1.2688446614779996,0
507,-0.16047752949458793,0.6590471571087199,0
508,0.9941540699006336,-1.1930195722148536,1
509,1.2537222924433358,-0.5651462634506512,1
510,0.8049525360344691,-1.9449922245893787,1
511,0.24642221276189671,-1.5707069035320764,1
512,-0.17861611568553745,0.8839574016498775,0
513,-0.3911644232005829,1.1501953727238141,0
514,0.8769471498370027,-1.1512812983088079,1
515,0.416261683268848,0.9907747448327152,0
516,-0.26070679494407073,1.2805087705676528,1
517,-1.3278671832579343,0.9960061968229514,0
518,1.5016081036663331,-0.484146161910333,1
519,1.3948076268163885,-1.6009789937166363,1
520,0.4649587647814576,-1.583073483267374,1
521,-1.3588894336332937,0.9675725226436819,0
522,1.4234868404441732,-0.878362668575207,1
523,0.59275546788417,0.47877401916728707,0
524,0.26807144037470315,-0.9602819949913566,1
525,0.5479846678759501,-0.6119949033258948,0
526,-0.9191392340120718,0.6465353382842238,0
527,0.580918142643743,-0.1344293821031566,0
528,-0.428948283557357,1.6937959723599605,0
529,-0.7835279052884924,1.2617823083044548,0
530,-1.6018725529337576,0.10010463502354947,0
531,-0.8661192347115233,-0.5334493507731463,1
532,0.35790932995730373,-1.2311925393041794,1
533,-0.5500552821570567,1.0439994604908178,0
534,-0.05186812990585214,-1.2132526653956683,1
535,-1.356962147677728,-0.21575846111159283,0
536,0.11657775135281068,1.1361527045383106,0
537,1.510300199216045,-1.0278076467292556,1
538,-0.6598536060796593,-0.19252326421626337,1
539,1.6317219926705233,-0.3589464802705322,1
540,-1.411760469542355,-0.29308059240041384,0
541,-0.07257857451524426,-0.652752661987037,1
542,-0.7721984278864881,1.451485732179838,0
543,0.4542345448659449,0.6604428151480204,0
544,-1.5715523040922807,0.3685290721639071,0
545,1.3733579137585405,-0.5504810556948324,1
546,0.7639010673345846,0.7674832059252601,0
547,-0.48565828594148114,-0.23209502365643858,1
548,-1.5184330755750044,-0.059337797188810756,0
549,0.48753540351207647,0.10511832490290954,0
550,1.3621341363411505,-0.7662928578131588,1
551,0.5295046586809592,-1.2083903813575683,1
552,0.6904222342746017,-0.0009512914678832994,0
553,0.6594631366837737,-1.424461407377514,1
554,-0.5504514430960176,0.2910532663327974,1
555,-0.25131476490533067,-0.3803995287960293,1
556,-1.5577620039507154,-0.7355257610414045,0
557,1.7295509779875307,1.2899993698228631,1
558,-1.3922176917455686,0.9413390795474579,0
559,-1.7035073260052838,-0.09545271959149065,0
560,0.8815804561909936,-1.2852250275722235,1
561,0.6311265122728509,-1.8146273657913543,1
562,-1.2233008958401794,0.7097959441351693,0
563,-1.6405765061446964,0.528105424562964,0
564,-0.03320625861265035,0.14682076278005374,0
565,-0.9624451579240546,1.4836367836314288,0
566,1.218361777316245,-1.185416138503176,1
567,-0.22353860761961505,-1.0895005545483216,1
568,-0.5560142855471917,1.324398265945337,0
569,-1.887702332318013,0.2617559052154838,0
570,1.1485928516558424,-0.8156340254492758,1
571,0.013493173728272159,0.604598180446152,0
572,1.7320082396082372,-0.34614431743687,1
573,0.5430748296865094,0.541724323909486,0
574,-1.5762139185004758,-0.07541501638078756,0
575,-0.3595401223298104,-0.9318012966901644,1
576,-1.8611596470755807,0.10718138646627633,0
577,0.2569760199480056,1.4356230198149342,0
578,1.7741653237286268,-0.4146821911932344,1
579,0.8450721923485485,-1.2496621280509475,1
580,-0.7814274783852359,0.8658625342558358,0
581,-1.052243412052898,1.1539833014681398,0
582,0.15036869262811073,0.6091769752815305,0
583,-0.587409835863969,1.6178424226536257,0
584,-1.420225183687647,0.8330201995138934,0
585,-0.33183329876522294,-0.567881573491254,1
586,0.5196083103632457,-1.1087060979228185,1
587,0.20484812015415352,0.6635218735753459,0
588,0.6639210149516194,-0.7061872420009647,1
589,-0.6441200713041039,1.554257846486497,0
590,-1.4521364716287672,0.08955389605331644,0
591,-0.23826376871648955,-0.7993131509261793,1
592,0.9899955686827606,-0.7474691829674575,1
593,-0.47376662900581457,-0.8640873981064088,1
594,-0.14367236669921077,1.3023405948870679,0
595,-1.292706924331951,0.9014560635694491,0
596,-1.256739257791466,0.6866595235748123,0
597,-1.2567082436970176,0.6072944930876761,0
598,-0.024886929761996475,-0.7813400229483461,0
599,-1.0905965780945321,0.5225135160795168,0
600,1.6181875064206244,-0.9928672571951382,1
601,-1.2632319195427064,1.4015917505069726,0
602,-0.9010156430506835,1.4025381641873602,0
603,1.1635688904647286,-0.48283281443966497,1
604,-1.242610353065415,1.2902846369236882,0
605,1.8021337726720563,-0.017602372343316613,1
606,-0.3125583835355886,0.9580530743291193,0
607,-0.9396286097327885,2.121239944963136,0
608,0.6695454479435032,-1.5655038976163496,1
609,-0.1474629600662301,1.8291499812630887,0
610,0.12430818184748633,1.2041925563983673,0
611,0.6135549462703357,-1.5371590478489976,1
612,1.4426185431601677,-0.5488493368583279,1
613,0.9925455355066238,-0.12700765400721936,1
614,0.6131845011399247,0.27249330266043015,0
615,-0.5195680348889573,0.2990957678674685,1
616,-1.010539421632,0.7849719167517426,0
617,0.2675258645496782,-1.7356097087458093,1
618,-1.4680787106166224,0.08926192887662059,0
619,1.1793679555213563,-0.8411602314979094,1
620,-0.11953891279963084,-1.5706110357557672,1
621,-1.2899300044166548,-0.132638186707989,0
622,-0.351595367193437,-1.054272314375611,1
623,0.9500297071724095,-1.2044403064589757,1
624,0.46537519202367456,-1.3951703188708016,1
625,-0.5190259932523087,1.6975540839267325,0
626,-0.6530723069071437,1.1292858664824268,0
627,1.4936626862198006,0.39329803943015335,1
628,-0.26729099197231,1.772883719280653,0
629,0.26669416192133566,1.785780976424196,0
630,-0.2814647912319481,-0.4637680053738751,1
631,-0.03279024395839066,0.5105129312273843,0
632,-1.301775781330464,-0.6537640550663043,0
633,0.658156334542936,1.005936445342886,0
634,0.09386245227331261,0.8729074904890837,0
635,0.05215583883005681,-1.7136683864472002,1
636,-0.7909953710460776,0.6694079381008817,1
637,-1.795423582017984,0.6837812541755421,0
638,0.03978056764802833,-1.5979325825516189,1
639,1.3913650236263189,-0.9291729394326697,1
640,0.7271028342588849,-0.20930492198382689,0
641,1.8334925133654425,0.14612812832980665,1
642,0.42831838520340076,-1.6224016867008666,1
643,-0.4892329067902966,1.0895895845003039,0
644,-1.304877877122734,0.44642104975624486,0
645,0.03693626607721601,1.3165019649175844,0
646,-0.49959428853163,1.2409111480241801,0
647,1.4346864309386957,-0.17645711109819623,1
648,-0.12454063251652445,1.8387213629378447,0
649,0.7945149324690894,-0.7175842176877381,0
650,0.5461441520235868,0.15943205327001705,0
651,-1.2645517017102694,0.8700698571337012,0
652,1.2486608160564825,-1.075782627874369,1
653,-0.39621473364958054,1.1207024260741638,0
654,-1.157755526017449,0.9882750480164957,0
655,-1.760434284154012,0.29738578385239833,0
656,-1.6982879526366013,0.2723242636819785,0
657,-0.638832548437669,-0.01807260785819338,1
658,0.8700489925092639,0.8207352825307042,0
659,-0.9801455722339131,1.5350681031999265,0
660,-0.3398311743275095,-0.1931018581646127,1
661,-1.276077458216653,0.5605304022221232,0
662,-0.535161074925961,-0.8500768396525678,1
663,0.7197564628795292,-1.5777066699544215,1
664,1.124857482222007,0.13895486432639242,1
665,0.46302496423188594,-0.756277677144355,0
666,1.4110944475149823,0.4170360206519145,1
667,-2.076511464747688,-0.8525862247723631,0
668,-2.0395137172543842,0.7852274890929104,0
669,1.5138970018392026,0.1251754398274475,1
670,-0.3685116170656798,-0.9675814583879849,1
671,-1.0181139931264902,0.7901750315638625,0
672,-0.4509784314797923,1.71180744221977,0
673,1.5227529681853575,0.36300173929020546,1
674,1.6760572741949906,0.1289245298650614,1
675,1.9618774080956445,-0.748420635398534,1
676,-0.6599487586145325,-0.5457460617161027,1
677,1.5526360956162188,0.28384471618111845,1
678,-0.8667723938130159,1.008215187136674,0
679,-2.2900566283081627,0.24929665143952523,0
680,-1.2915668925017474,0.7706049521197469,0
681,1.4861972370401113,-1.8217313528312746,1
682,0.7837075811970747,0.6789705815882393,0
683,1.5219833778121985,0.024205190692770828,1
684,-0.29722475040467566,0.06097299637558518,1
685,0.9985073721642577,-0.46675467662759906,0
686,0.31592660754433455,0.5738034599177156,0
687,-0.4228800102088934,-0.11297221959825193,1
688,1.3593163160459616,0.45784298585773564,1
689,1.6693178403520814,-0.15052884546490505,1
690,0.15354554189464,0.08061568099987516,0
691,-0.2663416864035496,1.0874268585180225,0
692,0.7111322613147852,-0.2665954656364489,0
693,-0.5444971076883506,0.19525737156939052,1
694,-0.09424355401832452,0.5247889746530073,1
695,-0.14532146471403984,-0.5317510986751144,1
696,1.1117299097022793,-1.1195060438797135,1
697,-0.25723555008571336,-0.6259708551881741,1
698,-1.1298637908016869,0.9847894807654792,0
699,0.11536380639985792,1.2319271073549698,0
700,1.9795773887603747,0.07975460269122685,1
701,1.7986736154227982,0.11479791232416348,1
702,0.3859680513589598,-0.27359324183283834,0
703,-2.0231114515123285,-0.5564616759327417,0
704,0.17443852934235152,-1.2280633733816706,1
705,1.294402708397697,-0.31086023446015726,1
706,0.7736521795069173,-0.9873282601036515,1
707,0.8665861562980439,-1.231355626303235,1
708,-0.611989672545956,0.8615372411334025,0
709,-0.5246941599133881,1.207874189047698,0
710,0.3335067703515133,-1.2288475889613684,1
711,-0.7370178216176161,-1.211993209034225,1
712,1.8717549683198829,-1.5929861166729573,1
713,2.012681768591782,-0.0030642659180459475,1
714,-2.09819332751523,-0.2751308385126397,0
715,-1.3188683963595464,1.1757728701355188,0
716,-1.9607254098210494,0.6175481069698135,0
717,0.03097789496152095,-0.6276900859696781,1
718,-1.0670624034668064,1.041145095974192,0
719,-1.4615944100517786,0.21795158351359897,0
720,-0.22799562788410022,-0.8646834134347149,1
721,1.1907448267349998,-1.0977788122898844,1
722,-1.576656125843897,-0.418041870596985,0
723,-0.9429373126582432,0.1932657522474764,0
724,-1.4919699795753694,0.44830113872836924,0
725,-0.6162458439882682,1.940414137934919,0
726,-0.17779305600507836,-0.5694557571737413,1
727,-0.5419983039902093,-0.6270377620875063,1
728,1.008185390789096,-1.0472123166812783,1
729,-0.552960284029828,2.0187558215409265,0
730,0.013188555608292239,-1.4543935811730704,1
731,0.42637111445398695,-1.6213280353714368,1
732,0.8889122227981181,-1.1069517478031177,1
733,0.6190506030558923,-1.0658746704062951,1
734,-0.9952524108389567,0.16750929058760292,1
735,0.5115701252533875,-1.3711614000074142,1
736,1.2888992700248434,-1.0190555769270286,1
737,1.23096035549951,-0.3302032784635332,1
738,-0.6394855187811688,0.9081858487548568,0
739,-0.6572520984919743,1.7883864221143606,0
740,0.07530419057223145,0.5295930868347035,0
741,-0.9763524956225222,0.7222552184464833,1
742,-1.556941778333439,1.5717714939400569,0
743,1.0677946078710217,-1.5153958760824315,1
744,0.4631423882143654,-1.6650057860826057,1
745,-1.3751102541872735,1.0050781419407784,0
746,-0.6887014574085182,-0.2752875145380269,1
747,-0.23559981505853744,0.6302989458543966,0
748,0.08085920319618614,1.702617513908568,0
749,-0.11295349464132026,1.0948780244844933,0
750,0.0014322172139461364,-0.43547017758064155,1
751,-0.0048705705554388115,0.5892373624798807,0
752,-0.2292643054296862,1.456750979462418,0
753,-0.7143696005420886,-0.7371499430022664,1
754,0.3798365411428462,-1.0195067573058971,1
755,-1.6869368368586652,0.1273944540516769,0
756,1.7573068073418614,0.027727847799126293,1
757,-0.384826533945183,-0.4658860839481812,1
758,1.2395057597554702,-1.024865411058837,1
759,1.031270747757936,-0.08820510018368266,0
760,-0.479067929221693,0.8573264558355387,0
761,0.6041452704483539,0.596172719711376,0
762,0.017181056319939155,1.1889943170053112,0
763,-0.39228851651938884,1.5102721449345649,0
764,1.3187707840041123,-0.388374353330813,1
765,-1.0592451481426042,0.9402588318281342,0
766,1.0726060683442056,-0.5057350508376319,1
767,-1.0688814294134523,0.5810994111266289,0
768,1.2290375748447158,-0.4711668164827214,0
769,1.3872534826545315,-0.07402585768359644,1
770,-0.7762165911861879,1.3395466820816333,0
771,-0.029978525982862256,1.5208766018177984,0
772,0.5985504743851188,-1.6814385908277423,1
773,0.3569575582659565,-1.3640951722296815,1
774,-0.7315417143349331,1.122344103387365,0
775,0.4300280780217063,-1.4835439558315027,1
776,-1.4096938704651536,-0.2352832499925709,0
777,0.936781776111616,-0.8650043142739335,1
778,1.5726868884747165,0.023788579244513216,1
779,-0.4777570396611688,-0.7358050457265342,1
780,1.1291980415758427,-1.3984995236174376,1
781,-0.9106158167743812,1.662986637249497,0
782,0.3842682422686692,0.45284449756899153,0
783,0.32445200724408124,-1.9266450765792722,1
784,-0.35287273872599184,-0.8585228662598798,1
785,0.6817242162296119,-0.26582682050473566,0
786,-1.5949637931926781,0.24462747459057654,0
787,0.5237454103608137,-0.15280514032823364,0
788,0.44753094602153126,-1.2434990047651342,1
789,1.5042564412309958,-1.5019732206942495,1
790,0.4283510471959487,-0.7880151319509788,1
791,0.8297323270252239,-1.0133302223375906,1
792,-0.8615754132905763,1.2079519979892153,0
793,-0.3107816087507528,1.1361151530508544,0
794,0.532888629075297,0.7793635590832328,0
795,-1.130708889550152,1.179051898561371,0
796,-1.5830733678508353,0.7882984013324984,0
797,-1.3983831000894031,1.2694447951439354,0
798,-1.3085193806196684,0.7519650212089815,0
799,-1.6507443610874546,-0.19400802918093,0
800,0.8711553388329891,-1.5823733777225388,1
801,-0.6283099659662896,-0.3019884468427629,1
802,-0.31888640313344035,0.18344418933883216,1
803,0.49574954302998325,-1.2977881699183433,1
804,0.5759974767280372,0.44172796185107593,0
805,1.6391311358885854,-0.3239961608938862,1
806,-0.17808499806089254,-1.4861491830791187,1
807,0.13108944666608305,-1.4655668615601478,1
808,-0.050659108807013006,1.2846375082738064,0
809,1.284145209393965,-0.5040761290550478,1
810,1.368113150332372,-0.643642523080492,1
811,-1.6668378277595208,1.2126413197847772,0
812,1.810183730468589,0.02570590366496414,1
813,1.5580675033228717,-0.8501537611857458,1
814,-0.24299832740455135,1.4487619309000488,0
815,-1.1705413504028144,1.64397509396399,0
816,-0.5999670788200704,-0.8873620665997577,1
817,1.4471349647868057,-1.0803615781183484,1
818,-0.7681152330885576,0.46661852906105566,1
819,1.6343155972538008,-0.4417872845752109,1
820,0.8194093199917567,-2.111323436463134,1
821,1.6094538172673667,-0.6469188564676805,1
822,1.5958642381761072,0.8443110528003,1
823,1.6078304090923488,0.36378720209935084,1
824,-1.3915712422363327,-0.24738914793570133,0
825,1.111164907217154,-0.4399683512849201,1
826,1.6915640308450643,0.12256453280030824,1
827,0.11259332079159105,1.4920348150899703,0
828,0.4055230974446528,0.1424083905755286,0
829,0.5886129087627054,-0.9681731427161975,1
830,0.7220007197843842,0.03943249886848899,0
831,0.37860977705964743,0.6021399795594061,0
832,-0.7843221849460793,0.06454047810968826,1
833,-0.72898011861383,-0.4605905161361653,1
834,1.2520067152646555,0.6702826304161071,1
835,0.4445154778379293,-1.4150849684469653,1
836,0.9867149944003675,-1.8058022350086644,1
837,-0.7023158253115783,0.304658914004598,1
838,-1.2566960260967601,1.3433880464367107,0
839,-1.0726146707876867,0.969165874201598,0
840,1.1291212031901505,-0.990782801563438,1
841,1.321029932063007,-1.1691344686374925,1
842,-0.08459673735255971,-1.8027892549538167,1
843,-0.3144426991129344,1.004917020478046,0
844,-0.37139398784735983,0.09244625284915484,1
845,-1.9264139022578892,-0.35323430259246796,0
846,-1.892082040931956,-0.32665197243701805,0
847,-0.2599228021427327,-1.3867400123643643,1
848,-1.6449970768629452,-0.23445402704748258,0
849,0.6912191767722144,-0.6230302149250293,0
850,0.3764818718082854,-0.031205936867598105,0
851,-0.06509850207963523,1.0676348640768536,0
852,-1.690342350967563,0.11333971855650292,0
853,0.4713726737395875,-1.2717348534956876,1
854,1.903622087225416,-0.27794378198144226,1
855,1.0442319835971023,-0.4412668841032353,1
856,-0.4627488518772657,1.5445666844751618,0
857,0.8338152869429475,0.1972932647194574,0
858,-0.8106399756127676,2.1206287865048092,0
859,0.3398975406079204,1.555666871501507,0
860,0.5073567601951018,-0.1116069653103251,0
861,-0.005213768654871591,1.6080210880522332,0
862,0.43924988271978427,-0.9627356372138247,1
863,0.4835038333024486,-1.119769874955782,1
864,0.6103951356782915,0.8108505453957253,0
865,-0.739760009229506,1.7664518213135947,0
866,0.5345368621121132,0.8495265356539232,0
867,-1.108265813539017,2.409746154845006,0
868,0.7920208503370917,-0.851977614470482,1
869,0.5546636892490348,0.2739018566029229,0
870,0.39901548694484235,-0.7741865859697007,1
871,-1.0493781208028565,0.9902215031064585,0
872,-0.3019275362681503,1.479003022834874,0
873,-1.0303533685440727,1.5665896626160951,0
874,-0.8584489737529618,1.0837022166386254,0
875,0.3279266788462376,-1.0700746806744006,1
876,-1.648404871129982,0.1853291084852979,0
877,-0.3595346553752625,0.31978565204719095,1
878,-1.905043850185133,-0.0030714346121200903,0
879,0.33208499174979716,0.1371464189682917,0
880,0.37801636478627365,-1.1120287951071999,0
881,0.38585104475963516,-0.947880591300716,1
882,-0.014531073913106892,1.7908704216677138,0
883,-0.8925132313081384,0.8794999048859358,0
884,-0.9362521127630101,1.2246371288196962,0
885,-0.3892873445356803,-0.4759823866956352,1
886,1.1451843110053344,-1.343690606442157,1
887,-0.3887531939198462,-0.5104045494356988,1
888,-0.7272304331412719,2.0180298435578576,0
889,1.875266392424803,-0.8578600554744158,1
890,0.017576149363484696,-0.5773475632251596,1
891,-1.7334601263563054,-0.14254020900947315,0
892,-1.641845700256007,-0.3546204124375453,0
893,-0.3104106038032583,1.0465619140541904,0
894,1.2941954847901536,-1.2993395808714259,1
895,1.4411128136923754,0.39216850877371967,1
896,0.1736839110760164,-1.5834640403933138,1
897,0.4051403450998335,-1.1256051378842078,1
898,1.3384706471201917,0.5086582452603479,1
899,0.29060977163865354,-0.04846698325039153,0
900,0.2403248466610888,0.5037797462059529,0
901,0.6298343869215832,-0.07816254453942319,0
902,0.3458448478580653,-2.1406875006041943,1
903,-0.5645990178793889,1.0316494337987459,1
904,-2.0369616625603,-0.680691432933959,0
905,-1.0442586495001787,2.11457041631204,0
906,-0.9428576896793114,1.2014050037260964,0
907,-0.048088419300970235,-0.2699257234182942,1
908,-1.4242804209007662,0.10153015644398586,0
909,-1.3790828139029239,0.7334068245932016,0
910,-0.017166243374945173,0.5284790967515761,0
911,0.07838495516678425,1.1366368937620828,0
912,1.224049906621724,-0.4906520615494005,1
913,-0.06678399225052403,1.2081769018021267,0
914,1.3682490165196002,-1.0494960164734084,1
915,1.729896401250731,0.07272638279363157,1
916,1.417308825954342,-0.4213191494816133,1
917,-0.22777850214015663,-1.629526072699205,1
918,1.2102991918869763,-1.4708303721889295,1
919,-0.5822551536868655,-0.3918655872981498,1
920,1.7019121367273482,-0.7020983313030625,1
921,0.16602520766257162,-1.09788483150619,1
922,-0.7137635780258245,-1.1730252259191123,1
923,1.5948881928035021,-1.0342014495131986,1
924,0.5666545172182482,-0.9113504322632713,1
925,1.840068083167559,0.4038726702639288,1
926,0.5977951759387194,1.2324813504447851,0
927,0.8113095785907857,-1.0016386154294286,1
928,0.3831428663808501,-0.42702029110414813,0
929,0.4331112249051854,0.3770124678101381,0
930,1.7706347372518048,-0.02350263294731016,1
931,0.500583852249736,-0.5756541341092691,1
932,0.5761564685903028,-1.1588676872783767,1
933,0.3169043360917632,1.980504607081488,0
934,-0.4830584135131966,0.9274063411338711,0
935,0.38426428950799535,-1.1609241331235447,1
936,-1.547623473423716,1.2214813238457558,0
937,-0.8570272728000243,1.8439471456700978,0
938,-0.13224652218965172,-1.6814938381332531,1
939,0.7564060770463723,-0.26123133927913106,0
940,-0.44364217323646504,-0.4300179309829336,1
941,1.478694083198023,-0.5535596234323424,1
942,-0.3448986492318924,-0.767459911880886,1
943,-0.9042174486387557,0.37069549135383817,1
944,0.6692886202930376,-1.0931403779758764,1
945,-1.095782778595843,0.6841192219494543,0
946,-1.4260415412618699,0.7073627654355497,0
947,-0.5116897628640736,-0.6323649443871853,1
948,0.9610239957390869,-1.3655794389291436,1
949,0.3280354891400336,-0.398747023544019,0
950,0.7131895082678346,-1.0196138525427414,1
951,0.03536164026830204,0.9803538847332931,0
952,-1.4742891998959229,1.5934495188780844,0
953,-1.5033075773635118,0.9849259327279943,0
954,-0.35229570059162457,0.06802108930621929,1
955,-0.2586102591347917,0.9691353334762127,0
956,-0.4926503112707168,-0.6673691321754391,1
957,0.8926149012548286,-1.0148382349819811,1
958,-0.46596362497469007,0.3627387493344781,1
959,-0.022279672191880928,1.2248639087579407,0
960,0.20292682609329718,-0.7152903998036269,1
961,-1.66788004673642,0.1901272082534039,0
962,-0.06519642607801175,-0.5853267095057413,1
963,-0.11987423060359954,-0.6202310246063156,1
964,1.392397801066844,-1.517019592074539,1
965,-0.2204070995871848,-0.47608634381627,1
966,1.2862906579287938,-1.5548728022815264,1
967,1.5927860288907623,-0.08371694175721027,1
968,-0.3498929695145619,-0.612960088836675,1
969,-1.0919769445002576,1.0292313998973552,0
970,1.4219859789756881,0.2662751086224954,1
971,-1.022489336971806,0.9220886058885691,0
972,1.2627037668807937,-0.8541266077620782,1
973,0.20803119553877802,-1.1772711417433077,1
974,-1.584976163357924,0.027864226919057173,0
975,-1.0648404032520824,0.7639134750466074,0
976,-0.7299665394249301,-0.0005538645159682628,1
977,-0.4448764761602837,0.40970619859049284,1
978,-1.399175563162924,0.09246212432101632,0
979,-1.3323441409926475,0.20453199336180175,0
980,-0.2411176706256593,-0.9796173856130285,1
981,1.490474514229513,-0.7771454692501452,1
982,-0.4043800058910935,-0.87237827489979,1
983,-2.1522588176859077,0.39114619677466683,0
984,-1.3359095291313576,-0.2574393663597957,0
985,0.2698440130593585,0.6008607037361369,0
986,1.2441025830181947,-0.9291098270318544,1
987,-0.3662871489401198,-1.0702412011703604,1
988,0.05946404717089074,-2.0261316184838374,1
989,1.2647584599712685,-1.057731149715303,1
990,0.3951342845710185,-1.4193497803693527,1
991,0.0309385531419482,-1.304482648460492,1
992,0.9726739749318395,-1.5595144685050113,1
993,-0.5008241163364933,1.8026779949109955,0
994,1.9684548392102947,0.4422650452940752,1
995,1.5394923301096386,0.013617208266927786,1
996,-0.294000208701006,-1.2057638998335531,1
997,-0.5117420668121218,1.2278811256696944,0
998,-0.08050994355745829,-1.3640089797764348,1
999,1.3858748078464749,-0.7044953163184265,1
